"Neither","Neither","Neither","Neither","Neither","Neither","Neither","Neither","Neither","Neither","Success","Neither","Neither"
"105519","163701","50286","99906","52230","49660","49711","105913","61053","54629","115339","107596","57081"
"Neither","Neither","Neither","Success","Neither","Neither","Neither","Neither","Neither","Neither","Neither","Neither","Neither"
"120815","130427","125727","115847","59318","61285","59489","135537","63562","54692","109308","54163","55495"
"Neither","Success","Neither","Neither","Success","Neither","Neither","Neither","Success","Neither","Neither","Neither","Neither"
"129536","110305","55892","55169","175508","117951","116885","118163","240628","181141","118614","120743","121839"
"Neither","Neither","Neither","Success","Neither","Success","Neither","Neither","Neither","Neither","Neither","Neither","Neither"
"125235","247339","60859","120538","124649","127782","63596","66064","63847","62853","64413","65971","65890"
"Neither","Neither","Success","Success","Neither","Neither","Success","Neither","Neither","Neither","Neither","Neither","Neither"
"132681","265423","265912","130976","133016","68211","133691","147985","141218","135635","68693","140976","138888"
"Neither","Neither","Success","Neither","Neither","Neither","Neither","Success","Neither","Neither","Neither","Neither","Neither"
"143313","69710","136649","136333","210021","148159","145520","355326","140853","143944","71628","72791","73874"
"Neither","Neither","Neither","Neither","Neither","Neither","Neither","Neither","Neither","Neither","Neither","Success","Success"
"146646","221582","73319","0","74392","73670","74150","75822","75536","76313","75816","151526","228436"
"Neither","Neither","Neither","Neither","Neither","Success","Neither","Neither","Neither","Neither","Neither","Neither","Neither"
"155457","157019","77876","156853","155723","153411","79675","159528","79822","80348","156833","161066","81436"
"Neither","Neither","Neither","Neither","Neither","Neither","Neither","Neither","Success","Neither","Success","Neither","Neither"
"166619","0","164893","165622","166409","165969","167766","163453","335865","83577","332515","169030","168901"
"Neither","Neither","Neither","Neither","Success","Neither","Neither","Neither","Neither","Neither","Success","Neither","Success"
"175128","85357","261526","172155","256703","86664","88153","174727","88738","349204","175016","265520","356225"
